{
  "teachers": [
    {
      "id": "T1",
      "name": "Иванов И.И.",
      "department": "Кафедра ИТ",
      "position": "Доцент",
      "degree": "PhD",
      "default_room_id": "R101",
      "work_days": [
        0,
        1,
        2,
        3,
        4,
        5
      ],
      "blocked_slots": [
        "2:1",
        "2:2"
      ],
      "max_classes_per_day": 4,
      "max_classes_per_week": 20,
      "contract_start_week": 1,
      "contract_end_week": 15
    },
    {
      "id": "T2",
      "name": "Петрова А.А.",
      "department": "Кафедра Математики",
      "position": "Старший преподаватель",
      "degree": "MSc",
      "default_room_id": "R201",
      "work_days": [
        0,
        1,
        2,
        3,
        4,
        5
      ],
      "blocked_slots": [
        "4:5",
        "4:6"
      ],
      "max_classes_per_day": 3,
      "max_classes_per_week": 20,
      "contract_start_week": 1,
      "contract_end_week": 15
    },
    {
      "id": "T3",
      "name": "Садыков Б.Б.",
      "department": "Кафедра ИТ",
      "position": "Профессор",
      "degree": "ScD",
      "default_room_id": "LAB1",
      "work_days": [
        0,
        1,
        2,
        3,
        4,
        5
      ],
      "blocked_slots": [
        "0:1",
        "5:7",
        "5:8"
      ],
      "max_classes_per_day": 3,
      "max_classes_per_week": 20,
      "contract_start_week": 1,
      "contract_end_week": 15
    }
  ],
  "rooms": [
    {
      "id": "R101",
      "name": "Аудитория 101",
      "capacity": 50,
      "building": "A",
      "features": [
        "lecture"
      ]
    },
    {
      "id": "R201",
      "name": "Аудитория 201",
      "capacity": 35,
      "building": "B",
      "features": [
        "lecture"
      ]
    },
    {
      "id": "LAB1",
      "name": "Лаборатория 1",
      "capacity": 30,
      "building": "A",
      "features": [
        "lab",
        "practice"
      ]
    },
    {
      "id": "LAB2",
      "name": "Лаборатория 2",
      "capacity": 28,
      "building": "C",
      "features": [
        "lab"
      ]
    }
  ],
  "groups": [
    {
      "id": "G1",
      "name": "SE-23-1",
      "size": 24,
      "shift_start_slot": 1,
      "shift_end_slot": 5,
      "blocked_days": [
        2
      ],
      "blocked_slots": [],
      "program_start_week": 1,
      "program_end_week": 15
    },
    {
      "id": "G2",
      "name": "SE-23-2",
      "size": 23,
      "shift_start_slot": 3,
      "shift_end_slot": 8,
      "blocked_days": [],
      "blocked_slots": [],
      "program_start_week": 1,
      "program_end_week": 15
    },
    {
      "id": "G3",
      "name": "IS-23-1",
      "size": 27,
      "shift_start_slot": 1,
      "shift_end_slot": 6,
      "blocked_days": [
        4
      ],
      "blocked_slots": [],
      "program_start_week": 1,
      "program_end_week": 15
    }
  ],
  "disciplines": [
    {
      "id": "D1",
      "name": "Алгоритмы",
      "credits": 5,
      "required_room_features": [
        "lecture"
      ],
      "fixed_room_id": null,
      "kind": "lecture",
      "split_by_subgroups": false,
      "practice_as_lab_exception": true
    },
    {
      "id": "D2",
      "name": "Базы данных (лаб)",
      "credits": 4,
      "required_room_features": [
        "lab"
      ],
      "fixed_room_id": null,
      "kind": "lab",
      "split_by_subgroups": false,
      "practice_as_lab_exception": true
    },
    {
      "id": "D3",
      "name": "Практика ИТ",
      "credits": 3,
      "required_room_features": [
        "practice"
      ],
      "fixed_room_id": null,
      "kind": "practice",
      "split_by_subgroups": false,
      "practice_as_lab_exception": true
    },
    {
      "id": "D4",
      "name": "Высшая математика",
      "credits": 5,
      "required_room_features": [
        "lecture"
      ],
      "fixed_room_id": null,
      "kind": "lecture",
      "split_by_subgroups": false,
      "practice_as_lab_exception": true
    }
  ],
  "assignments": [
    {
      "id": "A1",
      "discipline_id": "D1",
      "teacher_id": "T1",
      "group_ids": [
        "G1",
        "G2"
      ],
      "stream_name": "SE поток",
      "start_week": 1,
      "end_week": 15,
      "sessions_per_week": 2,
      "duration_slots": 1,
      "room_id": null,
      "lock_day": null,
      "lock_slot": null,
      "lock_room_id": null,
      "lock_teacher_id": null,
      "notes": ""
    },
    {
      "id": "A2",
      "discipline_id": "D2",
      "teacher_id": "T3",
      "group_ids": [
        "G1"
      ],
      "stream_name": "",
      "start_week": 1,
      "end_week": 15,
      "sessions_per_week": 1,
      "duration_slots": 1,
      "room_id": "LAB1",
      "lock_day": null,
      "lock_slot": null,
      "lock_room_id": null,
      "lock_teacher_id": null,
      "notes": ""
    },
    {
      "id": "A3",
      "discipline_id": "D2",
      "teacher_id": "T3",
      "group_ids": [
        "G2"
      ],
      "stream_name": "",
      "start_week": 1,
      "end_week": 15,
      "sessions_per_week": 1,
      "duration_slots": 1,
      "room_id": "LAB2",
      "lock_day": null,
      "lock_slot": null,
      "lock_room_id": null,
      "lock_teacher_id": null,
      "notes": ""
    },
    {
      "id": "A4",
      "discipline_id": "D4",
      "teacher_id": "T2",
      "group_ids": [
        "G3"
      ],
      "stream_name": "",
      "start_week": 1,
      "end_week": 15,
      "sessions_per_week": 2,
      "duration_slots": 1,
      "room_id": null,
      "lock_day": null,
      "lock_slot": null,
      "lock_room_id": null,
      "lock_teacher_id": null,
      "notes": ""
    },
    {
      "id": "A5",
      "discipline_id": "D3",
      "teacher_id": "T1",
      "group_ids": [
        "G3"
      ],
      "stream_name": "",
      "start_week": 5,
      "end_week": 7,
      "sessions_per_week": 2,
      "duration_slots": 1,
      "room_id": "LAB1",
      "lock_day": null,
      "lock_slot": null,
      "lock_room_id": null,
      "lock_teacher_id": null,
      "notes": ""
    }
  ],
  "schedule": []
}